comuna;cut_comuna;region;esc;edad;ytotcorh;ytotcor;yoprcor;ypc;ytrabajocor;ytrabajocorh;ypchautcor;y0101;yosa;ytot;numper;p9
Aisén;11201;Región de Aysén del Gral. Carlos Ibáñez del Campo;9,90977443609023;51,9356136820926;1401340,912845494;672720,022768188;636568,248119142;620251,499735254;712533,437041216;907685,489251297;452887,204596003;693665,003402132;431090,0473933649;671932,137562215;2,65868897596103;2,68346923647146
Algarrobo;5602;Región de Valparaíso;11,01854519265394;58,2441483615412;1263159,904753331;601434,323190493;659753,302777027;508035,172488297;670342,096463021;806079,136658264;344858,637558514;569702,524038462;NA;601434,323190493;2,82355059416637;2,88296723082463
Alhué;13502;Región Metropolitana de Santiago;8,72325769854133;55,8535414165666;1280614,395758303;595469,223689476;616666,666666666;485853,669467787;683301,163962919;859366,687474990;319405,428971589;721117,216117216;NA;582792,557022809;3,08083233293317;3,12284913965586
Alto Biobío;8314;Región del Biobío;8,01599247412982;51,6749764816557;853589,857478834;361446,096895579;422130,350194553;334057,467544685;299031,503515415;457759,738946378;200455,079021637;493047,493403694;NA;361446,096895579;3,19002822201317;3,19002822201317
Alto Hospicio;1107;Región de Tarapacá;10,99900909158471;45,9206439487611;1104934,352737524;513946,619417380;521150,008678502;394112,277338147;574885,845350957;768470,995524012;295319,638854561;627833,146906188;334819,2771084337;512450,739279885;3,42489737375736;3,61340818042435
Alto del Carmen;3302;Región de Atacama;7,99249249249249;61,1493993993994;705622,262387387;363365,207582583;376982,173174873;377033,209459459;368891,824101796;305446,497747748;216700,487987988;411900,544959128;NA;363365,207582583;2,16854354354354;2,21696696696697
Ancud;10202;Región de Los Lagos;9,43854504616920;58,2399293070876;1110903,036991895;520313,823694314;540663,911926178;478359,826132001;526401,298155638;610209,937412396;312722,256139920;607154,316546763;189618,3206106870;508628,711134134;2,58918885977208;2,60399780608203
Andacollo;4103;Región de Coquimbo;9,38045801526718;54,2369465648855;955923,754503817;369505,197862595;446698,002350177;312333,207633588;504649,103548576;541508,971297710;184329,940763358;550570,884871551;NA;369505,197862595;3,60854961832061;3,63664122137405
Angol;9201;Región de La Araucanía;10,61151372869246;54,9386036541799;1254160,320659386;631975,759926508;713416,007312133;502680,141727059;726270,507424396;791182,805450648;360794,649688681;760801,680464599;80000,0000000000;607620,524497295;2,88414820863530;2,93778707767684
Antofagasta;2101;Región de Antofagasta;12,29448805080685;49,7149306113701;1751762,655052778;863703,612301077;889650,436797449;730389,615482506;1012657,547049198;1203832,380036704;568485,942988790;977860,299767365;752397,8035387432;851218,180952955;2,94002839843541;3,23946444837379
Antuco;8302;Región del Biobío;8,92926239419589;59,2430471584039;921650,457073761;407609,594316808;607651,757188498;395945,965538089;513767,845824410;458515,663845224;217314,971584040;681807,692307692;NA;407609,594316808;2,61003627569528;2,61003627569528
Arauco;8202;Región del Biobío;9,67102009273570;55,0004636785162;1022843,043740340;424971,907727975;474083,470950309;370137,881916538;482902,849828450;564715,420865533;235945,427125193;560893,124866138;NA;424971,907727975;3,00332302936631;3,03268933539413
Arica;15101;Región de Arica y Parinacota;11,86982845610494;51,6804071306979;1336807,026113580;615534,640285133;652212,629808762;554239,348980991;699199,217795286;844627,489076981;400066,797368560;759375,890381895;329818,8405797101;606373,430679024;2,99916067713259;3,43461556648383
Buin;13402;Región Metropolitana de Santiago;12,36246143098329;48,2284159049892;1639764,372154625;764391,068463643;746551,111889225;560924,352215171;865647,635791970;1134385,620044245;416753,498660994;854675,020341741;812551,2528473804;727960,372445712;3,34275484659719;3,41343075042208
Bulnes;16102;Región de Ñuble;9,63945493186648;55,7797224653082;898710,880985123;405161,794849356;473141,907925959;367562,924740593;505992,809134293;521794,068258532;219666,459807476;490256,821829856;370000,0000000000;395598,099387423;2,83385423177897;2,84123015376922
Cabildo;5402;Región de Valparaíso;9,25808867585380;57,1333531333531;1017798,518562519;355701,407632908;432197,419354839;371910,794772795;387102,855482167;563858,170032670;230737,471042462;484177,732379980;300000,0000000000;344548,927680428;3,08301158301158;3,08301158301158
Cabo de Hornos;12201;Región de Magallanes y de la Antártica Chilena;13,17298937784522;45,5311077389985;2501678,270106222;1097742,895295903;997676,760000000;957382,698027314;1162521,429999999;1873493,297420334;890625,359635812;1146679,283333333;NA;1097742,895295903;3,00000000000000;3,00000000000000
Cabrero;8303;Región del Biobío;8,78448753462604;54,2282776817396;935741,136475298;383781,014739332;507672,702860598;377345,264762078;541824,952720780;550372,285415340;255865,764443635;545868,477483917;50000,0000000000;378619,764898553;2,81794195250660;2,85024110635975
Calama;2201;Región de Antofagasta;11,60196759079093;50,3278451941281;1527558,530958071;747921,667158065;831011,469584991;587684,979144037;904562,676661788;1055830,481968282;450649,043387856;884635,109401709;382975,3521126761;728420,804071879;3,02181806896124;3,50342944042705
Calbuco;10102;Región de Los Lagos;8,19274074074074;57,4136839004272;1052157,384813669;441608,809544852;540531,943311013;446072,916850788;575567,995926117;617746,490204743;288904,074532333;613873,514431239;804818,1818181818;436944,985122993;2,74635439681838;2,76263072617469
Caldera;3102;Región de Atacama;11,15920029618660;52,2702702702703;1202444,022954461;597822,032827348;672944,951793292;579832,283475256;713793,454069659;749115,214858694;398535,414784646;811236,804967542;300000,0000000000;594962,436011354;2,43946686412440;2,62001727755152
Calera;5502;Región de Valparaíso;10,89924504739740;52,9761128006635;1203267,158197401;568363,670168648;633313,935384616;441190,907713575;697734,338063437;769707,979872823;300570,558860933;661460,184833523;NA;567246,005971800;2,97578103400608;3,03306607685928
Calera de Tango;13403;Región Metropolitana de Santiago;9,09741406168865;58,6443036660089;1365775,580641811;525658,621871430;600549,603174603;491012,852009554;641567,337972169;810207,860110084;324897,423720013;594030,349013657;NA;525658,621871430;3,07830511995015;3,35060753972375
Calle Larga;5302;Región de Valparaíso;11,03333333333333;48,5532228360958;1046078,082688766;512321,469613260;473802,711184518;383080,157458564;488656,962350380;623733,577900553;273116,584346223;475642,794759825;NA;483486,683241252;3,17053406998158;3,22946593001842
Camarones;15102;Región de Arica y Parinacota;10,43202979515829;53,3463687150838;661095,787709497;463057,309124767;366614,186046512;407719,972067039;439481,655813953;469148,852886406;328608,219739293;468459,426229508;NA;463057,309124767;2,31471135940410;2,31471135940410
Camiña;1402;Región de Tarapacá;8,74717832957111;51,4853273137698;1057351,410835214;348743,751693002;409986,179401993;384394,408577878;422028,555205047;747506,212189616;263902,668171558;660911,884057971;NA;348743,751693002;3,11512415349887;3,11512415349887
Canela;4202;Región de Coquimbo;8,03233956543709;61,1035876705407;916328,448711470;433761,127084386;566441,552062868;448325,333501769;586100,251784866;489724,678372916;260708,044719554;645437,212360289;NA;430622,844113189;2,40904497220819;2,49368367862557
Carahue;9102;Región de La Araucanía;7,97421434327156;61,9511374876360;744180,604945598;313732,186251236;356239,413050165;348316,003461919;275767,344744188;268796,775865480;149271,661819976;495015,595757954;340000,0000000000;303518,452027695;2,52462908011869;2,64253214638971
Cartagena;5603;Región de Valparaíso;10,42731277533040;57,4440590625310;1071970,485581211;410574,017540383;412804,925344189;463736,015261124;443861,949074894;523357,373402041;277982,039242887;433808,035714286;NA;410574,017540383;2,61767912000793;2,61767912000793
Casablanca;5102;Región de Valparaíso;10,49687929757749;55,6804134474838;1293419,423992483;567886,117665483;530831,214802900;453943,499582376;598238,132905733;782569,837961996;319513,650553355;618020,191822312;745408,1632653062;567886,117665483;3,13426602631029;3,27949467529756
Castro;10201;Región de Los Lagos;10,14890226628895;52,1122954161570;1306574,565670686;662433,586871687;652865,470731494;523763,550119401;697666,499457368;879650,254703244;394905,227503055;707363,323867882;254800,0000000000;595938,956025395;2,81676277010892;2,81676277010892
Catemu;5702;Región de Valparaíso;8,63200589970501;55,6438053097345;886717,314343658;361300,662057522;423032,316695353;343420,675147493;417697,376506956;471663,749631268;219875,952802360;417384,121892542;NA;351193,198930678;2,85969764011799;2,87573746312684
Cauquenes;7201;Región del Maule;8,62597240361138;57,1144171256601;797228,510646755;356837,806030322;388692,871989242;373013,861507013;429882,563526458;401468,613253080;245078,833967406;456705,062794349;509306,9306930693;354822,020441769;2,51382658565669;2,54028732042473
Cañete;8203;Región del Biobío;7,61180178602697;59,3233950883240;925664,451184834;377364,570443774;431209,437963944;328273,290650582;396671,944143396;484555,505127100;199931,967169324;487264,620269913;NA;377364,570443774;3,21283929340801;3,24222317966394
Cerrillos;13102;Región Metropolitana de Santiago;11,44782608695652;52,8033713974986;1525935,638789197;611277,265651622;665768,447261252;521804,426572413;722022,294438531;1038564,496320464;377466,379626611;789898,981535150;NA;611277,265651622;3,25927134312126;3,37393510966105
Cerro Navia;13103;Región Metropolitana de Santiago;9,76326016399043;56,2121186512296;1208279,874397870;469702,724879574;494740,237628159;445705,443589960;558447,684946956;708694,234450266;288709,555924109;549348,535818673;NA;469702,724879574;2,98100650722556;3,69525902138088
Chanco;7202;Región del Maule;7,64916885389326;56,9749198016915;741297,687955672;314973,287255760;391409,252669040;315284,503645378;429623,671486409;401883,731116944;212452,964129483;383701,112877583;200000,0000000000;314973,287255760;2,70574511519393;2,78856809565471
Chañaral;3201;Región de Atacama;10,96690843155032;55,1482320942883;1109321,068223028;484028,484814143;559892,011730203;456307,110607434;575981,524025071;660570,756119674;303860,516999093;615666,849217002;NA;484028,484814143;2,97144152311877;3,10970081595648
Chiguayante;8103;Región del Biobío;12,30288940551312;53,7761436284739;1608087,819305045;726389,518798238;875657,358770439;591379,011527378;952703,426611501;1068238,553148498;434705,132200464;902788,439136264;NA;725826,399781377;3,03401901354798;3,04796449037729
Chile Chico;11401;Región de Aysén del Gral. Carlos Ibáñez del Campo;10,69257598405581;50,2167414050822;1549097,781763826;720352,404085700;601509,637730691;630531,658196313;648324,101398601;1082036,999003488;486219,487294468;675871,822033898;96049,3827160494;720352,404085700;2,55705032386647;2,55705032386647
Chillán;16101;Región de Ñuble;11,19044980873236;54,6970440441360;1150701,148125795;579622,561251132;620968,403840576;501195,148624359;670475,513672012;674316,921135150;358727,350450680;661136,062402604;287382,0754716981;568789,301106023;2,65134677705034;2,69579763576011
Chillán Viejo;16103;Región de Ñuble;10,76659479439396;54,7001137656428;967104,439666287;465875,105953735;548510,541702738;420577,913007205;583188,835907593;574454,322335988;278344,683352296;524392,135797164;NA;454799,864846416;2,65005688282139;2,65893060295791
Chimbarongo;6303;Región del Libertador Gral. Bernardo O'Higgins;8,21539177244633;57,2529937148528;991164,560899768;405882,435924578;477822,498274672;442275,827059213;484567,433540371;503047,414091962;269251,259543502;513397,050147493;NA;404135,826596097;2,52510750909692;2,62739000992392
Cholchol;9121;Región de La Araucanía;7,67007548088629;58,4920866812759;720488,507669832;284738,594838081;307259,183673469;271157,588263940;271546,774622079;313910,012174336;138058,385682981;572007,042253521;NA;284738,594838081;3,05308010713416;3,28220112003896
Chonchi;10203;Región de Los Lagos;8,42597717052923;54,1976824628156;974885,045831892;389163,945001730;418750,871604141;383357,765652024;361866,856906339;534828,906260809;236177,196471808;524757,938573660;NA;385701,873919059;2,79436181252162;2,79436181252162
Chépica;6302;Región del Libertador Gral. Bernardo O'Higgins;7,98030378901686;60,5528292438658;976843,732765815;425372,003839092;590737,077807252;410293,551160073;550066,491502382;533895,408779836;242994,204974127;614450,418160096;NA;409912,603071274;2,68469370722751;2,68469370722751
Cisnes;11202;Región de Aysén del Gral. Carlos Ibáñez del Campo;10,78224299065421;49,8545034642032;1817386,833256351;885203,221247113;788376,262626264;747531,392147806;952468,891694725;1360747,523787529;582759,782909931;819866,141732284;174000,0000000000;885203,221247113;2,70484988452656;2,77136258660508
Cobquecura;16202;Región de Ñuble;9,01913680781759;57,2943811074919;975366,417752443;402149,108713355;577034,339229967;489141,353013029;533047,294067794;439491,732084691;296181,589983713;901409,395973154;200000,0000000000;402149,108713355;2,13884364820847;2,13884364820847
Cochrane;11301;Región de Aysén del Gral. Carlos Ibáñez del Campo;11,70777135517020;48,9576107899807;1702834,131021195;957573,051380861;555827,712338593;812344,600513809;735696,181636726;1105660,118175979;646935,190109184;665571,548686244;NA;957573,051380861;2,39434810533076;2,39434810533076
Codegua;6102;Región del Libertador Gral. Bernardo O'Higgins;9,14496059726255;56,3720549067814;1166884,867240319;478642,085228437;526222,796143251;428180,793484942;542269,070539420;739040,847367343;293931,636549886;502193,931939319;250000,0000000000;475837,073550502;2,95513214505224;2,95513214505224
Coelemu;16203;Región de Ñuble;8,89877300613497;57,3973294839408;912912,682605558;342357,507578492;458600,395647873;363327,557199567;449160,715503247;460880,389029231;231241,837242873;570632,798573975;NA;342357,507578492;3,05196679898953;3,05196679898953
Coihaique;11101;Región de Aysén del Gral. Carlos Ibáñez del Campo;11,56962356221680;50,8369113573407;1640516,267659280;861849,067217798;789792,239336495;720635,782591759;880688,515141741;1116402,341802285;544111,785015580;902212,491013004;375540,5940594060;852411,527354571;2,67018698060942;2,70044148199446
Coihueco;16302;Región de Ñuble;7,93239276583657;56,1392786514738;848089,023636877;383850,531500141;383173,065108516;365465,720124306;419973,384129846;464595,514455222;244398,946793484;421329,604772558;NA;376091,848102458;2,71324983520105;2,71880591392787
Coinco;6103;Región del Libertador Gral. Bernardo O'Higgins;9,41765834932822;56,3424184261036;1317026,256813820;523253,638771593;577724,573125463;460163,839155470;654743,862234406;865192,622648752;336230,811516315;684684,579439252;138510,6382978723;504968,786948177;3,04990403071017;3,04990403071017
Colbún;7402;Región del Maule;8,45891655091356;54,1007586280585;773824,429533070;352222,181750187;398045,159941459;347751,020835559;419183,828672632;395175,154931082;205674,656480394;462289,611143355;200000,0000000000;352222,181750187;2,47109733945934;2,52356020942408
Colchane;1403;Región de Tarapacá;6,56736526946108;58,5898203592814;715815,290419162;379052,961077844;637937,219730941;415338,513473054;564258,064516129;385943,113772455;237939,721556886;1047184,466019418;NA;379052,961077844;2,37425149700599;2,79491017964072
Colina;13301;Región Metropolitana de Santiago;11,24553785072405;47,7170427553444;1774988,042668017;835082,515893531;837345,173150928;587624,935901914;900219,465450189;1287272,336750733;456062,534878413;1041895,026133873;670456,3031709203;816935,596182059;3,34190303199665;3,44337711331564
Collipulli;9202;Región de La Araucanía;8,95815048699561;54,7856915401762;982578,748115911;461165,956055620;463361,370716510;441729,844708630;557808,479846450;589714,963804267;300722,048614795;540721,409574468;NA;461165,956055620;2,80755758412058;2,80755758412058
Coltauco;6104;Región del Libertador Gral. Bernardo O'Higgins;9,03661534480528;54,8030793116833;1030577,339241817;465509,563979816;504402,422057260;412648,248673826;540512,997909701;622256,339241817;285249,473670592;523592,889601711;NA;460282,960279467;2,82390994954069;3,00957433044378
Combarbalá;4302;Región de Coquimbo;8,51805147693902;63,3466920020729;816836,932285369;394714,390222836;480614,667231878;392024,585593367;448152,366127436;356671,022283641;201598,364829852;540124,593716143;250000,0000000000;394714,390222836;2,39592330281568;2,43479011919157
Concepción;8101;Región del Biobío;13,46277832637849;50,3013687056438;1492915,113541315;783956,995849527;863643,569167280;684450,366973640;923418,342081585;950421,931860426;533712,373859417;904240,689487740;285811,2866817156;774709,991044272;2,51993916863805;2,64461177762758
Conchalí;13104;Región Metropolitana de Santiago;11,01906590904591;57,1028531034618;1122092,479450979;482495,968091582;540518,020097302;487089,175231213;572914,335627877;643119,664735798;308201,765389671;609525,406771629;NA;482495,968091582;2,71382567204037;3,14143774422212
Concón;5103;Región de Valparaíso;13,69430580153491;54,2216447897134;2255305,134744173;1360888,645004018;1431378,618961211;1139755,118349853;1496224,544378212;1489166,515563890;951800,934261956;1769501,567398119;205485,4586129754;1337207,959228503;2,52268952585052;2,54524511117064
Constitución;7102;Región del Maule;9,97479493725895;55,0704157006524;1173589,653528873;613207,601067558;604501,356102456;526134,389874373;632186,889300254;640112,477597455;391449,930123468;672306,981519507;NA;613207,601067558;2,72405240739742;2,80320267428695
Contulmo;8204;Región del Biobío;8,28496573962112;59,2390165255945;804238,608222491;329151,267230955;348368,681863231;354598,006045949;287713,956198961;383181,107214833;199834,463925837;418615,120274914;40000,0000000000;329151,267230955;2,56348246674728;2,56348246674728
Copiapó;3101;Región de Atacama;11,77347463177871;50,0871401280290;1441541,299527432;715847,630793981;765165,297894565;598124,466601870;836585,537827551;986287,423450749;459595,950112295;850424,282327666;381303,0303030303;711280,445386601;2,92732178168046;3,27728994201830
Coquimbo;4102;Región de Coquimbo;11,48323183806501;54,4981123863411;1208532,129701293;609851,664440008;712435,022718949;585681,711398537;799653,882142249;728296,708919566;402395,416675336;775908,821433661;820353,9823008849;598583,460833199;2,53881671697149;2,59758347604765
Coronel;8102;Región del Biobío;11,23457496246515;49,6519863682944;1249918,469435905;656742,795691237;698732,148741792;460783,151616978;802616,098002188;835930,760754033;336214,556802742;657500,937910336;50000,0000000000;647208,409832940;3,04613808059865;3,16934772765187
Corral;14102;Región de Los Ríos;9,28173913043478;57,5460869565217;1025542,573478261;518615,260434783;615491,862567812;494553,880869565;552346,164169380;606153,125652174;338105,172173913;723210,453920220;NA;518615,260434783;2,36173913043478;2,36173913043478
Cunco;9103;Región de La Araucanía;9,95383859878867;54,4734362307067;882969,413647441;355231,483509342;456731,705114638;336142,518765232;428032,967297762;500196,050852965;219720,448578393;487666,263603386;NA;347301,487733550;2,93614947197400;2,94930950446791
Curacautín;9203;Región de La Araucanía;8,99492238502829;57,7855297157623;934761,078667815;390280,015073213;472341,351312377;396129,101780075;481137,868836045;542070,691501579;230005,946023543;528411,190476191;NA;362550,712604077;2,61340798162504;2,61340798162504
Curacaví;13503;Región Metropolitana de Santiago;10,34040887342323;56,4494574040844;1748491,442194309;665268,401264633;867800,600410798;612487,985302914;827653,506998878;1111880,972656584;443453,857814241;928446,872322194;NA;661430,989062633;3,19114756899940;3,31846535076476
Curaco de Vélez;10204;Región de Los Lagos;9,38542310067943;55,7603458925263;1059432,987029030;552363,916615195;557370,454545455;448993,001852996;481302,312878788;608095,693638048;298812,752316245;674162,939297125;970000,0000000000;552363,916615195;2,53551575046325;2,53551575046325
Curanilahue;8205;Región del Biobío;8,37600841809891;58,0126271483690;941812,331462645;453805,694054718;489747,067330871;349364,459137145;496475,514811619;523064,228691687;224556,868993335;506546,181007248;500000,0000000000;453805,694054718;2,97755173623290;2,99570326201333
Curarrehue;9104;Región de La Araucanía;7,92873218304576;58,1650412603151;925730,600525131;395200,806451613;511620,111731844;394352,333833458;351221,378618113;549149,810577644;247956,575768942;598108,484005563;NA;395200,806451613;2,94336084021005;2,94336084021005
Curepto;7103;Región del Maule;7,34950992110925;61,2048768826201;702686,556299307;404555,403777193;395609,817813764;373951,594071241;386753,827264239;275550,131006455;206705,978245279;453360,252808989;NA;404555,403777193;2,21228783169974;2,34090365766197
Curicó;7301;Región del Maule;10,42388989872760;53,7665654946629;1100933,286737373;479097,709170276;522018,997368931;449011,091992634;560250,957496836;690472,074566040;311414,908842887;546627,873259685;228461,5384615385;462788,395730314;2,87257442962862;2,98122634109743
Dalcahue;10205;Región de Los Lagos;8,16773522786345;54,9798187104498;1014770,398837010;464980,103813922;479112,538665097;418669,863006670;424529,244212253;625114,908158030;294326,703779713;590464,547677262;NA;454040,862493586;2,62134427911750;2,70258252095091
Diego de Almagro;3202;Región de Atacama;11,15884057971014;51,1717874396135;1342127,186280193;732896,033236715;778868,245940907;612996,612753623;818131,468725871;960333,034202899;459264,589758453;881052,838857893;NA;731435,248695652;2,72289855072464;2,97236714975845
Doñihue;6105;Región del Libertador Gral. Bernardo O'Higgins;10,16246401842257;52,7103051237766;1005944,454346575;408315,562464018;531150,308098593;439466,522510075;551312,414540816;598190,366954519;302321,536787564;629793,572669369;NA;408315,562464018;2,68002302820956;2,68359240069085
El Bosque;13105;Región Metropolitana de Santiago;10,83412079258690;54,6336814668670;1178303,845982587;506472,685086973;527920,034574305;445863,989429290;584823,956691432;697401,823212120;297714,247036042;590565,706076227;143576,8261964736;499339,640143356;3,09329013340091;3,53105145980777
El Carmen;16104;Región de Ñuble;8,36150712830957;56,9539714867617;848722,996741344;370161,750305499;403714,944649448;374888,300000000;404927,005136987;435690,819755601;223482,278411405;472791,758646063;NA;367007,189002037;2,49877800407332;2,49877800407332
El Monte;13602;Región Metropolitana de Santiago;9,86845233378239;54,1753625472888;1184147,648407944;419216,960907945;510378,257214907;401014,836538462;474330,918527761;663613,025535939;255881,424259138;500726,757904672;NA;418337,389659521;3,26127049180328;3,36231084489281
El Quisco;5604;Región de Valparaíso;11,35808230801867;58,5072832696931;1095912,362749258;522811,852778956;603897,931034485;523070,275774289;668992,044887114;565695,453118371;330087,858153022;707156,477846326;200000,0000000000;519405,298401923;2,60783481827181;2,60783481827181
El Tabo;5605;Región de Valparaíso;10,93753434694999;59,5090941512126;1159081,855385164;515567,070970043;505623,801652896;504919,411376605;516963,145607702;602966,664407989;331677,442225392;579013,698630137;1000000,0000000000;515567,070970043;2,65531383737518;2,65531383737518
Empedrado;7104;Región del Maule;8,21555702043507;51,7633487145682;836917,010547132;420914,499670402;440957,446808511;362588,201054713;457814,495265151;517473,265655900;232577,514831905;504818,049490539;NA;420914,499670402;2,75939353988134;2,79894528675016
Ercilla;9204;Región de La Araucanía;8,45113886847906;57,3012490815577;864608,112784717;328727,672667156;357083,333333333;318796,953710507;247903,681774809;409954,283247612;173179,799044820;430756,993006993;NA;328727,672667156;3,09955914768553;3,09955914768553
Estación Central;13106;Región Metropolitana de Santiago;12,47931501286043;48,7838292715767;1443937,095462502;695252,309923253;623019,226027900;576442,402006194;716430,358799622;1025019,443516898;468329,049750917;694967,744511734;454314,1435678749;670395,695489430;2,94210313720210;3,23619227144204
Florida;8104;Región del Biobío;7,86456310679612;55,6694590713260;884737,006941120;382611,741742461;444712,114014251;370847,226184777;439688,793977814;478596,714217329;217955,573001437;485785,505552309;NA;382611,741742461;2,84226902824318;3,04116802297750
Freire;9105;Región de La Araucanía;8,90874861572536;57,0008790242830;854413,080540600;388854,988792440;489286,861675754;387768,833424898;460562,103640944;413511,059334139;222398,650917486;477793,224392188;NA;388854,988792440;2,79826392704098;3,00824085265355
Freirina;3303;Región de Atacama;9,10962732919255;55,4850931677019;845354,742546584;482696,085093168;693231,500339441;441410,625776398;714447,992121214;521893,643167702;320287,338819878;870473,988439306;120000,0000000000;482696,085093168;2,42142857142857;2,52826086956522
Fresia;10104;Región de Los Lagos;8,20354976409796;61,9170762983544;926953,569779868;386349,563581962;462108,451643193;365720,344304339;476964,937078650;506584,611882881;210798,884804445;449181,286549708;NA;363767,601196837;2,69566146612524;2,84312887369096
Frutillar;10105;Región de Los Lagos;10,45698245614035;51,8976893095768;1100030,639337417;439298,969793987;506166,925738008;430245,010996659;544747,556292854;700440,341035635;303387,690423164;546645,067980965;NA;437425,258212695;2,86664810690423;2,90339643652561
Futrono;14202;Región de Los Ríos;8,97459270752521;54,5347168347556;1047050,018813033;511896,452676493;549302,124833995;412504,822924748;533311,250336113;642782,772304112;279238,713343677;540930,854154561;50000,0000000000;511896,452676493;2,95325833979829;3,01357641582622
Galvarino;9106;Región de La Araucanía;7,31046537032991;56,0067729954118;821145,783919598;322923,836574175;307098,001902949;339340,076032336;250695,131075916;422557,846842910;188491,194450514;373723,978411719;NA;322923,836574175;2,75223945816037;2,75223945816037
General Lagos;15202;Región de Arica y Parinacota;8,53759398496241;52,5601503759398;548806,928571429;277641,515037594;368811,881188119;260271,278195489;351865,671641791;266466,165413534;166071,428571429;650000,000000000;NA;277641,515037594;2,50751879699248;2,50751879699248
Gorbea;9107;Región de La Araucanía;9,49128060595385;55,9358778625954;816944,760135708;345944,428159457;391430,136838037;338589,876166243;368011,450530035;453594,871755725;213059,246310432;511951,577402788;225202,7027027027;332290,524173028;2,56166242578456;2,56166242578456
Graneros;6106;Región del Libertador Gral. Bernardo O'Higgins;11,07246031746032;50,8663776113520;1372402,781001183;599735,220733149;588212,496931004;518406,262830114;652567,753906702;891471,508316910;385211,361765869;645499,914515302;390000,0000000000;599735,220733149;2,96129286558928;3,19282617264486
Hijuelas;5503;Región de Valparaíso;9,86984667802385;53,0919931856900;1144440,782964225;456997,448381601;567578,616352202;407179,591652470;613997,677070458;648332,060136286;249325,726746166;668535,271943996;NA;456997,448381601;3,29420783645656;3,35962521294719
Hualañé;7302;Región del Maule;8,94510112949829;55,1284475965327;896504,625426845;411168,685579196;451754,694533762;367649,638560546;386348,715255593;501804,881534016;232073,512739689;504110,878661088;NA;397772,499605989;2,68584187023903;2,68584187023903
Hualpén;8112;Región del Biobío;12,19089716534535;54,2664492342598;1436009,097929665;685826,431735678;734772,790184107;622297,320930233;832135,041968719;901434,274163358;450165,598270028;786866,280824331;580533,0882352941;684738,419710720;2,77203630175837;2,91948383437323
Hualqui;8105;Región del Biobío;9,24824131315285;57,5617139202729;867454,703154978;366850,180665103;372772,282199348;345426,066723513;346903,152764018;403095,014495843;193247,327009167;475746,291959407;NA;366850,180665103;2,82850138563206;2,90737582604988
Huara;1404;Región de Tarapacá;9,02330827067669;54,2278195488722;979437,056390977;500750,910526316;442526,439482961;484876,291729323;576895,316702822;656682,145864662;342895,619548872;672979,942693410;NA;494464,989473684;2,31954887218045;2,31954887218045
Huasco;3304;Región de Atacama;10,02550091074681;55,3039548022599;1016442,696271186;494748,478192090;549176,781002638;476533,037740113;600015,293613985;660005,189604520;363727,164519774;765836,289222374;NA;494748,478192090;2,59299435028249;2,59299435028249
Huechuraba;13107;Región Metropolitana de Santiago;12,30811255360395;53,4280385360982;2437062,981759972;1219564,179521823;1206130,962897186;909651,034100922;1311889,609372479;1593076,830582154;706848,350408258;1272832,545432807;NA;1216339,131057980;3,41943253245609;3,95027315984257
Illapel;4201;Región de Coquimbo;9,06738248224552;59,2938789313493;1086768,017416300;473032,227003720;612525,823285949;476215,345958742;650809,121093750;642155,989093676;306302,067044303;742214,144411474;NA;465128,946652012;2,78626986810957;3,03922894825837
Independencia;13108;Región Metropolitana de Santiago;13,28502531468252;46,0773448600188;1263425,983830622;575605,310580136;546509,780306111;487353,195473375;653847,265559174;1031693,967481139;420926,616797752;599220,431338719;232216,4948453608;570799,541233916;3,01849072462028;3,44651898100899
Iquique;1101;Región de Tarapacá;12,67325445158300;50,7586837059058;1630617,463469879;780959,297247211;813345,240063386;643036,231123637;909354,024082103;1116544,922229515;496929,219348029;929910,005422374;304060,0961538461;778746,991814988;2,95289757152233;3,29915189889708
Isla de Maipo;13603;Región Metropolitana de Santiago;9,00189198486412;56,2836314317199;1611679,979062473;678098,547766381;512269,442578912;508226,371196067;769506,629691615;1101545,096889040;367327,552513345;528543,147208122;NA;675606,893532254;3,51987793506824;3,62125964228194
La Cisterna;13109;Región Metropolitana de Santiago;12,75648042961892;50,8990051405335;1479235,242065420;748157,126186031;763084,231895639;628990,698728933;805170,576264716;994616,885424925;461526,278560660;905590,053911321;248000,0000000000;735979,300913020;2,59157054806782;3,03161044474566
La Cruz;5504;Región de Valparaíso;11,89084052793490;56,0626590953593;1225381,886332485;563512,458194635;672891,974430936;513521,320246720;714962,940961654;775072,707558253;343439,401018210;699850,677693545;NA;511495,704327394;2,63383591149403;2,63618562757000
La Estrella;6202;Región del Libertador Gral. Bernardo O'Higgins;9,97090352220521;57,9218989280245;1158167,480857580;505243,531393568;529086,757990868;526611,336140888;540342,019583843;632807,392802450;329543,114854518;614963,144963145;290000,0000000000;505243,531393568;2,37442572741194;2,78177641653905
La Florida;13110;Región Metropolitana de Santiago;12,48898681419129;54,1385416454242;1805503,474648395;893617,619538988;881884,473434742;742288,324938312;1001111,701076462;1193359,697874394;556964,277402715;946009,632473606;319607,8431372549;886997,925797527;2,76092202486558;3,09779690165929
La Granja;13111;Región Metropolitana de Santiago;9,83958454952325;56,8248191080028;1105788,401156741;492323,688986763;537127,819765628;430386,545918738;546959,312497654;637676,766086683;270211,531519975;618026,662626875;572124,4925575102;484232,782929603;2,92258548508095;3,53519831570796
La Higuera;4104;Región de Coquimbo;7,28886241810602;61,3281715306730;1140439,079213818;486572,131625968;442143,044619423;460521,329958308;554542,288915095;596054,687313877;266474,593210245;657996,527777778;NA;486572,131625968;2,68612269207862;2,68612269207862
La Ligua;5401;Región de Valparaíso;10,13139506866918;53,5352713484477;1160027,053637728;570273,506912078;592414,521183670;442769,141717355;588388,218922018;650908,819811991;303784,494825800;679160,280970626;90000,0000000000;566615,493482898;3,01500908444585;3,08673670906075
La Pintana;13112;Región Metropolitana de Santiago;8,92647844263956;53,7794168659741;1102511,040366604;385148,556332500;464113,199027444;367404,199441331;488241,311359145;670768,495024921;241712,031128479;555398,538263113;309808,8410991637;376847,254577985;3,45429317364395;3,89768681649718
La Reina;13113;Región Metropolitana de Santiago;15,60128247784399;53,1268747950025;3508431,683215553;1811676,490831022;1787727,135996365;1315202,940155649;1919361,949336973;2373746,941974536;1080438,228613141;1953627,751668487;297649,8929336189;1774067,708978144;2,95062170140442;3,16584667680472
La Serena;4101;Región de Coquimbo;12,35423736283108;50,7985809882948;1655195,194411143;902385,258135885;990013,901539452;737946,500446847;1100515,398670939;1144581,403949692;585049,813359589;1110812,544275516;1324063,1163708086;889012,617073915;2,84007236741722;2,94792597597925
La Unión;14201;Región de Los Ríos;9,74496317910240;54,5667639294150;1012560,143323607;500619,542795609;524292,158791726;423331,641725719;554999,889534288;604287,101222732;276939,416840353;556945,600930387;261209,9644128114;499806,696123385;2,75468945393914;2,77803251354731
Lago Ranco;14203;Región de Los Ríos;8,39738805970149;56,8771321961620;884197,833955224;416098,512793177;516599,899849775;367748,654051173;409230,735814294;465415,211620469;211733,862206823;594241,686942417;NA;416098,512793177;2,74013859275053;2,74013859275053
Lago Verde;11102;Región de Aysén del Gral. Carlos Ibáñez del Campo;8,49671772428884;57,4989059080963;1089080,266958425;506954,328227571;611258,278145695;645641,547045952;734106,772908366;768030,579868709;478763,183807440;611258,278145695;NA;506954,328227571;2,00000000000000;2,00000000000000
Laguna Blanca;12102;Región de Magallanes y de la Antártica Chilena;10,96350364963504;56,7664233576642;1726506,824817518;927794,708029197;791441,441441442;1158080,897810219;1025057,171171171;1215557,248175182;886760,058394161;891397,849462366;NA;927794,708029197;1,89781021897810;2,08759124087591
Laja;8304;Región del Biobío;8,34153983885407;60,2969978952033;970133,183560430;438901,843801928;558134,396851429;398009,386617924;570662,182628060;504999,518666224;230198,167275950;652679,269328802;NA;431720,854658247;2,64395701783538;2,71219674310402
Lampa;13302;Región Metropolitana de Santiago;10,84020521064826;49,4470626969569;1323696,313249612;588780,846738159;597951,862949905;462177,180894596;654796,047692006;865886,718451625;323216,959150561;657646,403614774;NA;576654,773082169;3,22244955552420;3,80769954376558
Lanco;14103;Región de Los Ríos;9,53499388753056;56,3573600973236;1090731,771289538;535182,424726277;524789,824925008;450000,460310219;466308,736051937;601987,356751825;306477,820863743;526033,424657534;380000,0000000000;519516,980231144;2,72247566909976;2,72247566909976
Las Cabras;6107;Región del Libertador Gral. Bernardo O'Higgins;9,89033526877692;53,9474620715490;1199561,356433789;535314,745457951;712413,613577467;484314,246769058;688696,520279712;782358,627364675;331016,119591677;447895,079757358;20000,0000000000;511070,373009927;2,56246488106387;2,58156958231879
Las Condes;13114;Región Metropolitana de Santiago;16,36947136069438;54,2798473464876;4173290,543346428;2412127,653751363;2212448,046453951;1917760,743080554;2523781,085478095;2800761,240033458;1616446,241422531;2247916,343812116;901245,5661664393;2380779,467281064;2,50845419647792;2,61357899296479
Lautaro;9108;Región de La Araucanía;9,80878392376217;53,9817692148332;943104,668254955;422697,893722809;431003,773611465;397271,074235205;447640,126110306;522898,397141081;250004,058214207;470166,054243220;NA;420525,772529521;2,86320005524480;2,86872453559837
Lebu;8201;Región del Biobío;9,95002172968275;52,5380269448066;1113926,230225989;503912,065514994;526981,629244767;413907,076705780;507160,393810375;649494,043350717;279799,290199918;665478,489326765;461387,2832369942;503277,558778792;2,93828770099957;2,94719687092568
Licantén;7303;Región del Maule;9,12133891213389;58,8284518828452;942645,404463040;426359,916317992;462506,756464221;425988,194909344;488197,119073870;527491,292887029;266451,371687589;493382,113821138;NA;366116,256276151;2,43933054393305;2,55230125523013
Limache;5802;Región de Valparaíso;11,06504432273728;55,8598046411834;1241113,612783016;604354,932753656;645975,366992811;483715,151431314;706015,451557866;741125,784371295;340289,885946585;694983,276602042;312550,6072874494;558366,533792558;2,87917113658179;2,89565806560894
Linares;7401;Región del Maule;10,67732530120482;54,6971968004612;1055665,119550335;542422,247099517;603131,007403153;499523,760346857;634671,861613233;639654,748240494;345794,730128984;597946,507515473;413533,2197614991;539541,684922294;2,47125939804473;2,50419158799933
Litueche;6203;Región del Libertador Gral. Bernardo O'Higgins;9,19238544474394;59,0923180592992;972299,918800539;421266,959568733;617405,362637364;472167,399932615;631079,371428575;518367,086927224;279917,810983826;438986,531986532;NA;370424,533692722;2,31839622641509;2,43530997304582
Llaillay;5703;Región de Valparaíso;9,46875994483929;58,0278985891588;962165,742866235;364845,965312401;526396,179317933;366600,761323857;480695,995470803;523654,480004243;223621,321417201;589494,109494110;NA;346563,743184470;2,86708390792405;2,86708390792405
Llanquihue;10107;Región de Los Lagos;9,13912295786758;57,2159361196058;1299582,369690792;500902,327217125;517450,323670134;484054,842167856;540115,938041819;762594,691301393;325675,154434244;505051,534225020;NA;490732,054026504;3,19096160380564;3,20319401970778
Lo Barnechea;13115;Región Metropolitana de Santiago;14,67411068938123;53,4837324766355;5267014,284287383;2877313,552336449;2875164,694614007;1550059,244421729;3045413,168153591;3730177,917260514;1277859,214573683;3470473,332082786;1016855,5240793201;2788204,173072430;3,64106308411215;3,90309579439252
Lo Espejo;13116;Región Metropolitana de Santiago;10,23812509797774;55,6459447826354;1172756,872532743;436940,882862940;457362,348950002;438035,898665683;486042,361310374;691581,337945029;286412,196550457;497834,678816568;NA;421798,433038185;3,14099489639058;3,37957326446535
Lo Prado;13117;Región Metropolitana de Santiago;10,90316181774465;55,1230764606877;1192194,744860543;449064,575589084;454094,225026453;435411,899104352;479307,591274951;674613,317444097;283610,610212785;503366,626229950;200000,0000000000;441084,462250541;3,10831930752585;3,39303318105314
Lolol;6304;Región del Libertador Gral. Bernardo O'Higgins;8,00037593984962;59,1187969924812;1034065,514661654;433376,136466165;542043,544690603;405895,382706767;558546,007697690;559106,729699248;260436,738721806;498265,116279070;NA;433376,136466165;2,79060150375940;2,84586466165414
Loncoche;9109;Región de La Araucanía;10,07587509944312;56,9452068416866;858030,407915672;394499,179295943;546601,339335532;418609,932975338;487813,416744882;437775,876889419;266567,775855213;621464,991023339;NA;358844,645684169;2,46310660302307;2,52505966587112
Longaví;7403;Región del Maule;8,54670539672833;58,3445191866687;860221,155327932;426339,985781991;483791,262304022;373724,588289252;524131,436029041;529462,508637823;241162,030805688;500782,312397035;NA;426339,985781991;2,54639963308363;2,65769759975539
Lonquimay;9205;Región de La Araucanía;7,85841956726247;55,5722013170273;836694,771166510;387690,713311383;542004,860267317;381636,201787394;368343,895048275;474208,581843838;224546,105597366;949452,736318408;NA;387690,713311383;2,61194731890875;2,61194731890875
Los Alamos;8206;Región del Biobío;9,27958792525156;54,5837326305702;971319,562290369;521722,360804983;580633,468978101;432010,028150455;613329,015566625;582911,775395304;311885,130091039;656814,963010614;150000,0000000000;511922,999401054;2,73083373263057;2,73083373263057
Los Andes;5301;Región de Valparaíso;11,74413365073967;52,6462047885889;1239297,247325522;646319,273730684;673392,024835085;510720,626974019;710512,750793457;814808,688529462;390976,661742250;737763,743756082;72004,4345898004;633555,873323145;2,91424690100187;2,91424690100187
Los Angeles;8301;Región del Biobío;10,72925202227125;53,6684101786228;1122276,754334807;530261,699165730;637855,159848858;448499,225828386;624344,621065979;707572,126422052;306416,158406783;668864,206884429;200000,0000000000;522663,043217303;2,90110364306823;2,93191149933311
Los Lagos;14104;Región de Los Ríos;8,31485013623978;56,5255129589633;1028449,688579914;485492,068844492;562158,412127441;431692,102861771;541657,614159672;581801,010529158;282231,809530237;569345,447440406;NA;481974,852321814;2,77011339092873;2,78955183585313
Los Muermos;10106;Región de Los Lagos;7,41724738675958;61,5076945412311;818965,883275261;377375,299216028;377324,153757889;379489,345092915;392344,279788840;395612,541231127;212619,081736353;435467,889908257;NA;374306,635888502;2,58899535423926;2,58899535423926
Los Sauces;9206;Región de La Araucanía;8,03268234356317;56,8444358875626;820529,213323065;338407,858298036;354527,508326725;309669,842510589;360210,078947369;449939,606854062;177480,628032346;418065,359477124;NA;331996,542164035;2,88717751251444;2,88717751251444
Los Vilos;4203;Región de Coquimbo;9,81398726399285;56,0538631346578;1125870,443487859;522648,272295806;556379,803230000;480501,988300221;603150,140747175;681118,404966887;298023,764348786;605876,639489543;133968,9265536723;522140,546026490;2,65286975717439;2,79966887417219
Lota;8106;Región del Biobío;9,15330216948340;58,4888529306005;935909,538655160;393872,395661033;384816,099835435;397459,223720484;429078,180712632;443656,084442047;235525,238882893;463254,282218597;NA;393872,395661033;2,73085221143474;2,76519237684286
Lumaco;9207;Región de La Araucanía;7,22949194547708;58,0047087980173;754203,239900867;381801,727385378;409069,550395258;357890,810904585;448854,384851137;391083,254770756;215243,013135066;505550,416281221;NA;362600,075340768;2,46468401486989;2,46468401486989
Machalí;6108;Región del Libertador Gral. Bernardo O'Higgins;12,90226995362460;51,5792040577448;2357197,492245416;1237686,847200546;1331117,020576426;829483,101248537;1433987,598869692;1694917,275507218;664339,168747562;1331047,279362973;184507,0422535211;1231509,951229028;3,05184354272337;3,11973273507608
Macul;13118;Región Metropolitana de Santiago;13,55938213237692;51,4715316269971;2111444,086974242;1015378,673540919;995689,504952600;826901,229397620;1082648,035144712;1486477,427331268;655964,282564404;1079340,046118370;409433,9622641510;1014167,516322954;2,79890772742093;2,92627160091294
Maipú;13119;Región Metropolitana de Santiago;12,29744785863782;52,4693750324692;1685652,283521222;753922,880736662;793209,419456956;626863,251223440;865538,972591446;1115899,312275962;464295,259758948;858499,547705119;386251,0781025395;740550,379801548;3,04425684451140;3,13921242661956
Malloa;6109;Región del Libertador Gral. Bernardo O'Higgins;8,96035626964722;55,3534753754803;1101094,074572127;497083,093957387;376211,527700056;515190,853650017;548626,307652400;695849,592036325;366842,326056583;419421,918908069;200000,0000000000;497083,093957387;2,48760041914076;2,93311212015369
Marchihue;6204;Región del Libertador Gral. Bernardo O'Higgins;9,96444444444444;56,4577777777778;1182699,285185185;467832,984074074;498863,369656328;475666,284074074;563126,376223778;714832,216666667;334864,700370370;521608,899297424;500000,0000000000;460425,576666667;2,84740740740741;2,84740740740741
Mariquina;14106;Región de Los Ríos;9,14058163388440;54,2599251840232;1059449,407023048;472070,010739713;446420,998349835;441534,705804272;472230,416110827;628859,285990105;296362,705924944;497080,801753837;NA;472070,010739713;2,86159044286231;2,87208881380475
María Elena;2302;Región de Antofagasta;11,70127326150832;52,4515181194907;1543577,071008815;806116,834965720;837548,262548262;565509,788932419;961525,263835265;1302390,114593536;500050,029872675;831437,543614794;NA;766645,728207640;3,26346718903036;3,29040156709109
María Pinto;13504;Región Metropolitana de Santiago;8,65647877013177;58,3308931185944;1108222,306551977;557649,937042460;471760,235947259;476751,222913616;542128,434769507;525255,879026354;301513,372803806;497039,585296890;NA;553043,070278184;2,81551976573938;2,86822840409956
Maule;7105;Región del Maule;11,37905302203797;48,7652629282130;1117888,988697360;513938,851014619;558532,599836997;456457,080427667;617969,888629740;752539,881125900;330773,442810392;602459,545807789;NA;513938,851014619;2,86332096879773;2,98533711542658
Maullín;10108;Región de Los Lagos;7,69449166950017;61,0698741924516;808344,019721183;355365,575994560;418980,623100302;406949,014790887;414473,169270833;344816,639918395;213040,211322679;549251,293422025;300000,0000000000;348776,687181231;2,51785107106426;2,51785107106426
Mejillones;2102;Región de Antofagasta;11,75366822026584;46,2427067150009;1309635,002934576;701305,745900224;667669,382504291;603964,758156396;777736,993567747;895539,910409114;458213,412221645;759416,082749416;300000,0000000000;701305,745900224;2,67616088382531;2,95270153633696
Melipeuco;9110;Región de La Araucanía;9,49716281099956;59,1134995700774;881103,392519347;363441,671539123;350692,031904287;363186,006018917;343582,548209366;433232,533963886;210653,346947549;481337,099811676;NA;353194,849527085;2,70722269991402;2,70722269991402
Melipilla;13501;Región Metropolitana de Santiago;10,07614252668001;53,9234700765685;1267335,894597774;608541,870527879;597756,111740062;495147,399660553;666816,047680478;801356,281818357;348935,936083613;648952,599188163;NA;605564,271615653;2,82030511678142;2,95446392408725
Molina;7304;Región del Maule;9,36352222792901;55,1764538035724;1017645,304456999;440818,791302859;472947,121643888;394367,664269817;474326,659010002;622642,623580437;269210,452719286;501757,926829268;NA;439351,552017349;2,92061861553387;3,00953033156423
Monte Patria;4303;Región de Coquimbo;7,71973776633107;58,5328182314837;826155,071724030;392373,429563724;480082,699411268;391980,153515960;477754,385220810;425756,860844455;243439,053383281;581549,038935436;NA;386985,637477562;2,54991024740498;2,70553344259736
Mostazal;6110;Región del Libertador Gral. Bernardo O'Higgins;9,28979424710820;53,9378646739687;1255498,153239840;500932,504555226;562702,202027264;482659,919541407;594436,309905667;750021,615723206;344363,539052105;539051,145662848;310447,7611940298;499126,705701709;2,87173712764868;3,06510390009213
Mulchén;8305;Región del Biobío;9,09406322282190;51,9527401183884;868734,080675959;365967,628317739;411212,527012822;328117,945961428;379923,191584314;463678,527496658;205484,884571323;440922,471229558;201000,0000000000;357175,503723506;2,96992552988352;2,98882948252816
Máfil;14105;Región de Los Ríos;9,17150496562261;54,8223834988541;1046306,294499618;479623,057677616;437951,147298297;433116,411764706;433788,283997471;516647,708174179;276406,998854088;509266,903914591;200000,0000000000;479623,057677616;2,82123758594347;2,96982429335370
Nacimiento;8306;Región del Biobío;9,26596543951916;57,0682906073822;964769,190618019;414171,180406340;508134,940165062;370185,028188491;454711,031642115;547413,258589512;237608,587597063;551765,452723020;NA;400779,987022657;2,97904478246995;2,98904371875332
Nancagua;6305;Región del Libertador Gral. Bernardo O'Higgins;8,80092521202776;54,0361353544633;1100024,678609708;467777,785178380;500101,761252451;409874,107946716;505095,351643304;684534,353085286;269808,270708925;534380,626780627;NA;467777,785178380;2,98621956821314;3,17240851324453
Natales;12401;Región de Magallanes y de la Antártica Chilena;10,53111332007952;54,7021868787276;1486819,484990060;659921,181411531;767478,352272725;688347,381610338;779439,279391210;878025,886083499;450393,775447318;727707,073057236;353919,5979899497;633642,119284294;2,41491053677932;2,43976143141153
Navidad;6205;Región del Libertador Gral. Bernardo O'Higgins;8,02123230641132;59,2406328059950;911852,508326395;325823,205245629;468182,773109244;375216,502914238;472794,117647058;418414,180266445;197004,538301415;566360,856269113;NA;325823,205245629;2,93547044129892;2,93547044129892
Negrete;8307;Región del Biobío;6,85276705276705;63,8429858429858;834216,671557272;313566,326898327;477692,178301093;325794,648648649;377856,588921282;440048,787644788;193056,221106822;563695,303550974;NA;299717,955727156;2,71274131274131;2,71274131274131
Ninhue;16204;Región de Ñuble;9,12191842223218;55,0488570147916;836123,657104437;410441,251456746;414883,928571429;395378,605558046;387056,833696442;396701,683998207;226205,030927834;463360,881542700;100000,0000000000;410441,251456746;2,40699238009861;2,45943523083819
Nogales;5506;Región de Valparaíso;9,21530462604986;57,3195036835983;1074833,682176554;465599,489595450;495389,997505614;396277,126405584;594189,996258419;627553,900478221;261216,737236657;542130,129390019;NA;427040,899314980;3,05053638361122;3,10055577097066
Nueva Imperial;9111;Región de La Araucanía;9,17001624903789;57,2629295678802;847834,799251446;360464,716485199;406647,662280698;331128,823579449;377697,508522324;432660,593143927;191234,642225246;470488,939307998;200454,5454545454;347005,479499830;2,89316093909493;2,89316093909493
Olivar;6111;Región del Libertador Gral. Bernardo O'Higgins;9,43798837908235;56,5265477860148;1271672,123422160;566702,186135043;601746,258945997;483188,161691044;605668,021345983;804181,177920257;329170,422360249;639824,968892576;80000,0000000000;560879,723101583;2,96633941093969;3,10679222600681
Olmué;5803;Región de Valparaíso;9,63130173062453;57,4445108289768;1260428,415533981;433162,316952950;405051,320778017;463268,531889470;410140,369226244;640391,445556385;286224,766094099;524024,891774892;NA;422689,437938760;2,96878267363704;3,03300970873786
Osorno;10301;Región de Los Lagos;11,01696879145005;53,4958846171401;1290381,768504009;644658,790244793;734278,519572364;557852,380273547;797669,219531293;805025,041838458;389650,558733557;804705,669657975;252969,3741677763;635674,240928662;2,66390786410869;2,68519222869662
Ovalle;4301;Región de Coquimbo;10,06431380357409;52,8697794813082;1030965,415252128;447300,091642192;481579,997429110;397479,747946637;503796,817405138;635360,027054607;268283,682960823;511300,091639265;60000,0000000000;432997,710488327;3,06125242670118;3,20857185524416
Padre Hurtado;13604;Región Metropolitana de Santiago;11,31215098031223;49,8211796355929;1716855,799249990;704818,099417112;762050,591595253;596663,049158277;856142,474737725;1181304,623242164;428566,897851869;768118,084473528;NA;704818,099417112;3,21493498552969;3,21493498552969
Padre Las Casas;9112;Región de La Araucanía;9,96654710994620;55,1430542143744;994420,605255897;402874,131431922;486313,379809629;381056,795971858;479293,838422457;577563,668885363;239948,425748380;573610,724438781;NA;397120,860877362;2,90402124430956;2,91785073803283
Paiguano;4105;Región de Coquimbo;9,79069767441860;57,8690330477356;1021928,165850673;461013,582619339;494988,200589971;452465,547735618;565185,157831325;554644,417380661;283554,388004894;484033,980582524;320000,0000000000;461013,582619339;2,87148102815177;2,87148102815177
Paillaco;14107;Región de Los Ríos;9,03170237405906;55,5240301100174;1178987,463375796;634635,934134337;651394,022681956;465153,903300521;637128,182918769;680697,820497973;325603,326867399;451427,326418787;180000,0000000000;634635,934134337;3,02489866821077;3,05269253039954
Paine;13404;Región Metropolitana de Santiago;10,10836115268025;53,5436249285306;1471310,616771488;647907,516218792;598259,659386893;495707,295330665;660176,560365177;898009,559367258;328644,799847529;572812,392426850;296977,1863117871;639180,772212693;3,28846960167715;3,33055079092815
Palmilla;6306;Región del Libertador Gral. Bernardo O'Higgins;8,61996746644978;59,7045772536478;971536,897261643;366404,936837897;462470,238095238;419494,417149710;445903,325712144;551861,641615031;261017,395762541;498300,415800416;NA;366404,936837897;2,69558265040975;2,81131321207276
Panguipulli;14108;Región de Los Ríos;8,76438621305740;55,5141163393850;997030,973768062;472093,262986291;543992,124642655;417398,103593924;499391,512156686;572905,755168581;262061,907299000;524041,095890411;438461,5384615384;464024,893145609;2,68047424972212;2,70166728417933
Panquehue;5704;Región de Valparaíso;9,35636618730270;55,3500526131182;976139,957207997;418121,215363030;492110,359159159;403006,066994037;494388,479976785;562029,388635566;278772,475271834;529127,337488869;NA;407460,482988425;2,71659066994037;2,76008418098913
Papudo;5403;Región de Valparaíso;9,70750988142293;58,3478260869565;1307162,766798419;595807,783926219;778954,918032788;554633,916996047;764073,399057343;756662,181818182;357137,205094421;733114,285714286;NA;595807,783926219;2,79051383399209;2,88274044795784
Paredones;6206;Región del Libertador Gral. Bernardo O'Higgins;6,62745098039216;60,0716700473293;751511,929682218;323182,370182556;407555,918367346;377066,106152806;404168,093385215;340705,017917512;172596,390466532;400889,721627409;NA;323182,370182556;2,12609871534821;2,12609871534821
Parral;7404;Región del Maule;10,20027677830058;55,0749034749035;888095,067512410;458303,901323773;561551,005100510;399107,569277441;582042,079372717;504847,769056812;253359,628461116;600275,646919743;200000,0000000000;457989,505295091;2,49266409266409;2,54429123000552
Pedro Aguirre Cerda;13121;Región Metropolitana de Santiago;10,31085986313597;55,8437072299911;1310688,719696519;467321,452692651;457799,771296938;482526,974739661;552713,339460896;875203,622195775;336035,073936323;542950,779727096;NA;448093,181553109;3,15602499256174;3,49705444808093
Pelarco;7106;Región del Maule;8,81995216945678;55,1212845917321;969105,627263410;430564,119918005;438847,414893617;349110,636829518;441426,687306502;532565,721216262;232799,438332763;467151,655119323;NA;419597,319098053;3,16911513495046;3,16911513495046
Pelluhue;7203;Región del Maule;8,89637883008356;56,1091922005571;731483,834261838;324305,622562674;326317,218902770;355220,989972145;326317,218902770;312995,128969359;187889,841504178;336744,186046512;NA;324305,622562674;2,31476323119777;2,31476323119777
Pemuco;16105;Región de Ñuble;7,84945547725817;59,3192503176620;895494,111181703;335260,108322745;413359,730412806;348829,398665820;422431,479250335;487548,235069886;209609,248729351;477987,437185930;NA;335260,108322745;2,73538754764930;2,73538754764930
Pencahue;7107;Región del Maule;7,09878975513650;63,9954967632986;846580,892485224;389266,868843231;453265,090470446;392984,094286518;458049,960193001;413768,365325077;211305,287925696;639956,692082111;NA;383850,866591613;2,42808893892485;2,48944553898114
Penco;8107;Región del Biobío;10,53459427142779;59,3769226588402;1041188,998695581;438409,308331975;448375,051466326;426079,919669547;458803,686173885;535536,130441872;258369,629055928;496470,812864599;272027,4725274725;431386,938148812;2,72069134192076;2,80536985705745
Peralillo;6307;Región del Libertador Gral. Bernardo O'Higgins;8,70695230396120;56,1299512195122;839240,716682927;388598,963121951;535454,088010779;413856,957463415;536807,551239670;443052,154926829;249420,046243901;617530,229746070;NA;379884,572097561;2,35785365853659;2,35785365853659
Perquenco;9113;Región de La Araucanía;7,95291064145347;57,4505005561735;786847,661104931;340119,308490916;409162,210338681;345543,204671858;396323,297886844;370394,451612903;181279,932146830;519659,442724458;NA;340119,308490916;2,69187986651835;2,69187986651835
Petorca;5404;Región de Valparaíso;9,61503362151777;53,9529328287606;940181,712630085;467588,248580889;574248,119619392;411683,128192999;563173,670490509;541219,081835383;266251,699148533;704609,800362976;297872,3404255319;450699,506859035;2,50780510879849;2,50780510879849
Peumo;6112;Región del Libertador Gral. Bernardo O'Higgins;10,32103546677538;51,2209539339584;1130827,864044028;501699,971871178;644508,661454539;433589,999184672;666332,056183741;726247,187117815;308496,534039952;547011,121408712;NA;484853,494292703;3,05625764370159;3,18161434977578
Peñaflor;13605;Región Metropolitana de Santiago;11,69558994543340;52,4660202758458;1651356,585523989;704984,164711777;767698,852766990;676374,612489685;880295,100413948;1082016,760668396;511106,941441739;861973,940574769;2798439,0243902439;691936,821820111;3,08502298715077;3,17997760226335
Peñalolén;13122;Región Metropolitana de Santiago;12,33140855958209;54,8938764136266;2351030,112556023;1066311,923728026;1059697,897537058;793310,647086826;1180910,673953377;1522348,383542717;579811,361249792;1151329,544853835;691454,0721457792;1037177,449957040;3,14772542553933;3,42928964540325
Pica;1405;Región de Tarapacá;11,26983324911571;50,9560384032340;1139300,975240020;553467,556846892;639836,829836829;458455,264274886;627877,289045936;772935,006568974;352663,249621021;756446,370530878;NA;553467,556846892;3,11369378473977;3,69782718544720
Pichidegua;6113;Región del Libertador Gral. Bernardo O'Higgins;8,85675239160144;56,2259908063113;947791,674866443;305945,341905827;494270,588235294;397397,516461672;504120,518936636;519704,505652876;234881,633743322;526663,296258847;NA;301770,910299416;2,60541682196546;2,60541682196546
Pichilemu;6201;Región del Libertador Gral. Bernardo O'Higgins;10,56179644888012;59,1845189741209;975708,270627829;456124,561332250;516260,320799370;529843,001972844;512148,654810761;398926,421028200;308739,907508414;574400,289540355;NA;456124,561332250;2,14308924219566;2,14308924219566
Pinto;16106;Región de Ñuble;9,56445916114790;54,3242825607064;967537,076600441;413621,673951435;490756,707754368;391484,751214128;471228,952833637;543095,198233996;260904,608388519;421017,498379780;NA;405476,372626932;2,66269315673289;2,66269315673289
Pirque;13202;Región Metropolitana de Santiago;11,58429417263945;54,4212111768983;1970872,035940584;947709,751428275;949901,188556562;659463,903812195;982664,091619667;1324749,938402410;488054,556144178;967404,220446630;240000,0000000000;942783,904747066;3,32990547418718;3,48156227277449
Pitrufquén;9114;Región de La Araucanía;9,80330267558528;53,2781145484950;926517,581730769;432547,827968227;481189,024390239;398641,225438963;466224,417942790;532547,971467391;253954,422449835;514553,191489362;65524,1935483871;432547,827968227;2,76201923076923;2,91649247491639
Placilla;6308;Región del Libertador Gral. Bernardo O'Higgins;7,97379032258065;55,4443044354839;852124,535786290;402536,310987903;519202,226345083;415390,844002016;516878,059593680;499939,954637097;262483,729586695;514610,221992772;NA;402536,310987903;2,32913306451613;3,97001008064516
Portezuelo;16205;Región de Ñuble;9,19481721425266;57,9065247570569;835241,520129570;392544,995835261;503594,909862142;425902,573808422;439543,051320755;404663,531235539;256196,115224434;515064,102564103;127500,0000000000;386184,415548357;2,26191577973161;2,32299861175382
Porvenir;12301;Región de Magallanes y de la Antártica Chilena;9,96379928315412;52,8283185840708;1586332,270442478;762779,792566372;704959,551656921;646429,741238938;803815,814159293;1067037,001415929;488299,505132744;753018,879798615;NA;753434,659823009;2,65628318584071;2,68637168141593
Pozo Almonte;1401;Región de Tarapacá;10,08441558441558;50,8338252656434;1079339,562278630;504128,963695396;541274,594841360;494531,989669422;611287,165586593;723651,991587957;364754,512249115;603246,994959287;NA;504128,963695396;2,69849468713105;3,16130460448642
Primavera;12302;Región de Magallanes y de la Antártica Chilena;10,90000000000000;51,2548387096774;1476566,070967742;893217,941935484;762943,661971831;785423,538709677;844348,580985916;979908,564516129;544173,000000000;829724,137931034;520000,0000000000;893217,941935484;2,20000000000000;2,20000000000000
Providencia;13123;Región Metropolitana de Santiago;16,93301606023617;49,6320786985730;3851247,153484108;2260373,583617234;1969027,298087377;1964812,095842056;2337869,982192283;2821058,069545349;1726995,910656821;1971249,030467655;1315959,3345656192;2224943,363666215;2,20033110317558;2,29143920425782
Puchuncaví;5105;Región de Valparaíso;10,80769741207697;56,7093563370936;1277964,612209688;493680,723556735;535030,103893214;541176,649635036;563220,326320046;787057,786197744;364313,939747837;696838,388034898;3500000,0000000000;477583,800265428;2,75965494359655;2,79362972793630
Pucón;9115;Región de La Araucanía;11,09737588004023;55,2548680618744;1201535,312738854;584289,135759782;656098,581257215;537332,144949954;640772,219628066;702130,671155596;382366,321565059;810621,744791667;200000,0000000000;582698,735304823;2,76442220200182;2,77834394904459
Pudahuel;13124;Región Metropolitana de Santiago;11,47271641493941;52,5636549936713;1590933,948429872;650561,954867097;698535,701127585;572443,673148092;768591,472055753;1049067,245566874;419061,857030956;765436,151525983;605876,2886597938;626909,034211319;3,12452534506660;3,32522451931770
Puente Alto;13201;Región Metropolitana de Santiago;11,73960094690565;52,5211721894470;1509420,653714322;671183,431337413;712699,077437771;554615,849694915;776813,227034922;979094,429926853;390612,631568092;796557,190910495;592420,6349206349;659114,093299149;3,04150355626620;3,32025693334068
Puerto Montt;10101;Región de Los Lagos;11,04762486884060;50,8887370147622;1346781,719792236;651172,057124922;704436,538104783;550226,556406051;775793,497338439;896183,196109997;403492,957181621;789264,085875135;86931,8181818182;648242,444302695;2,80007289958083;2,85409958892736
Puerto Octay;10302;Región de Los Lagos;8,67326440177253;53,8289512555391;947296,250516987;406435,291580502;377560,328828830;387884,094239291;367384,531313131;507123,743574594;249553,515509600;447292,168674699;NA;384958,439586411;2,69512555391433;2,69512555391433
Puerto Varas;10109;Región de Los Lagos;11,60529779532741;54,5861028847209;1923570,993144675;1037212,910496874;1103547,581514986;852814,900625206;1147899,992362915;1271177,027201931;647037,222825481;1092863,827947693;639138,6138613861;1035896,688055281;2,74207524404958;2,76461555336185
Pumanque;6309;Región del Libertador Gral. Bernardo O'Higgins;6,65836909871245;64,9098712446352;948509,220600858;339462,278969957;404393,013100437;393362,129613734;324889,526484751;455871,402575107;202437,417167382;447040,000000000;NA;339462,278969957;3,01716738197425;3,01716738197425
Punitaqui;4304;Región de Coquimbo;8,71980792316927;53,8938468764678;974307,965241898;434384,748708314;462290,142057683;395115,190699859;487535,948325017;572090,209488022;262886,101690936;651711,538461538;NA;434384,748708314;2,91568811648661;2,98403006106153
Punta Arenas;12101;Región de Magallanes y de la Antártica Chilena;11,75689199747014;52,8659404956853;1654575,673204659;798208,143314504;883745,985942096;736464,528473385;931135,714861454;1041306,450348672;534154,115586315;913161,531773334;451052,6315789474;787678,178052954;2,65587223315976;2,68117168669157
Puqueldón;10206;Región de Los Lagos;7,39197080291971;60,1226277372263;1011941,489051095;423843,602919708;399510,763209393;368601,751824818;345243,974282888;526910,877372263;221082,464963504;492281,879194631;NA;423843,602919708;3,06131386861314;3,06131386861314
Purranque;10303;Región de Los Lagos;8,85802628188611;61,4640556557588;1002115,170445761;454865,488405050;516708,345534403;430353,865756248;501547,825639943;564745,843725844;285814,893197632;520467,468805704;NA;432379,023061067;2,70097912909044;2,70780726616851
Purén;9208;Región de La Araucanía;8,77946210268949;58,4532170633985;890988,095687014;364382,071411737;374373,823440644;339825,026867782;375400,496817989;479002,930709404;221597,937544191;504681,728880157;150000,0000000000;360660,845628093;2,86047607824652;2,86047607824652
Putaendo;5705;Región de Valparaíso;10,40926115083419;58,6407899216888;1004892,252468505;460715,430371127;478430,195830700;365112,751617297;522956,388451441;572313,081886278;259521,265236638;490110,243454295;NA;452274,844739530;3,04511406196799;3,04511406196799
Putre;15201;Región de Arica y Parinacota;9,10562015503876;52,8672480620155;816961,602713178;457586,693798450;521018,435672515;461312,295542636;529277,206349206;497242,345930233;317316,313953488;703255,707762557;NA;448431,218992248;2,08624031007752;2,08624031007752
Puyehue;10304;Región de Los Lagos;8,30735531473369;53,8021673968181;944325,122204289;496356,855660595;492210,622710623;387245,576204750;454085,441109854;512165,578510491;237899,831680885;498797,277936963;NA;496356,855660595;2,72515563753747;2,72515563753747
Queilén;10207;Región de Los Lagos;8,28935599284437;57,6918604651163;1012330,605992844;565390,744633274;605982,860544216;470093,967352415;491141,590367428;648025,931127012;310745,646690520;750618,122137405;NA;565390,744633274;2,47629695885510;2,47629695885510
Quellón;10208;Región de Los Lagos;8,79016100178891;53,9024477080552;966981,393680463;466386,549532710;492384,269288453;425868,274410325;448412,937644059;542421,031330663;277583,948553631;518916,687898089;NA;464597,497463284;2,65055629728527;2,65055629728527
Quemchi;10209;Región de Los Lagos;8,03216783216783;59,2179020979021;867380,833286713;419982,226853147;573011,734028684;384495,942657343;387287,013937283;511542,952447552;239121,624055946;690233,977619532;NA;419982,226853147;2,44979020979021;2,44979020979021
Quilaco;8308;Región del Biobío;8,16191155492154;56,4864479315264;829795,733951498;403401,104850214;453886,639676114;327790,083452211;413848,982241954;442574,636947218;210214,749643366;446350,931677019;NA;403401,104850214;2,98359486447932;2,98359486447932
Quilicura;13125;Región Metropolitana de Santiago;12,16613545351593;48,8850945092408;1447847,051148238;693934,868936289;673503,775021748;521235,634782203;722169,891011382;972585,351698131;387841,205667076;769947,497965422;80000,0000000000;691424,317105063;3,13784689386245;3,52262034020992
Quilleco;8309;Región del Biobío;8,45598328857058;58,9018203521337;955774,903909281;408771,438675022;466758,555844156;360326,328558639;412428,428832118;565769,111011638;228702,935541629;500093,556928508;NA;404951,034019696;2,98955535660997;2,98955535660997
Quillota;5501;Región de Valparaíso;10,97514308158456;54,4263925358959;1100187,013101291;472467,634895804;522652,391650290;452629,774708084;534635,954842761;639561,828230627;285438,678529533;570560,638093408;251566,2650602410;468601,780937483;2,78479244650539;3,01488909994972
Quillón;16107;Región de Ñuble;10,33521885521886;56,2666666666667;792430,810194500;369638,387122736;476758,203249444;340305,105969148;504145,741989411;395671,875788062;204703,673775990;538758,274824473;NA;366288,983635144;2,56002682763246;2,56002682763246
Quilpué;5801;Región de Valparaíso;12,63131096048934;54,6552476937724;1469332,399428778;720180,276812974;833456,662757506;603934,069154000;863113,924514187;923210,025393126;442028,512721186;936159,563185415;171302,8571428571;716226,904074062;2,80880470109320;2,84214241160829
Quinchao;10210;Región de Los Lagos;8,28207517862690;58,7375113533152;933585,128368150;401453,092945807;457765,042979943;423194,787465940;371015,142974866;540116,586739328;249583,792310024;475166,374781086;NA;389959,115349682;2,49227974568574;2,49227974568574
Quinta Normal;13126;Región Metropolitana de Santiago;13,08213367029198;47,3360034297577;1410635,036734510;631175,124960513;598062,464270994;534364,604742994;694066,455361038;1091018,300058667;423355,729590687;635592,680749574;264813,8957816377;625736,277765242;3,16758427726883;3,65269190847962
Quinta de Tilcoco;6114;Región del Libertador Gral. Bernardo O'Higgins;9,45747204337513;58,7104566512244;982963,000330907;417701,266214428;526754,315535927;486058,656187955;552554,274773264;539958,689774983;320249,633189940;556724,333522405;NA;417701,266214428;2,33636664460622;2,37309728656519
Quintero;5107;Región de Valparaíso;11,31467551622419;54,7528761061947;1237658,906932154;552005,839970501;528746,958338462;512820,925884956;562184,942354157;683979,225589970;354445,097050146;648599,099099099;NA;540422,742625369;2,77802359882006;2,87271386430678
Quirihue;16201;Región de Ñuble;8,84409707939120;54,9142328259975;918247,413821473;389088,654463184;493211,476168441;421360,693336076;451228,100498658;486168,655080214;255720,667420814;551504,196255649;NA;389088,654463184;2,51542575071987;2,51542575071987
Rancagua;6101;Región del Libertador Gral. Bernardo O'Higgins;11,64345826961687;51,3401452335582;1357212,006849668;696557,488530669;674102,017861111;566028,846804347;769662,874330867;867914,852510686;426633,847793159;730609,210846437;282120,7979274612;684591,217973940;2,79207910593810;2,99211000669516
Ranquil;16206;Región de Ñuble;8,88857602574417;58,5044247787611;765500,965004023;324666,376508447;432414,215686275;356423,109412711;388156,596100279;307405,102976669;200742,885358004;651823,204419889;NA;324666,376508447;2,52775543041030;2,52775543041030
Rauco;7305;Región del Maule;7,99280753968254;55,8991185112635;976449,101860921;317623,124387855;425350,427350428;411101,595249755;418388,072552005;500768,117042116;229958,941723800;362836,153161175;NA;292157,894221352;2,82957884427032;2,82957884427032
Recoleta;13127;Región Metropolitana de Santiago;11,44033792598721;53,6907277182041;1444673,245807745;693653,420673306;690865,928533785;559370,627151812;847274,907968688;1002028,920021001;438060,316240831;729846,548753472;1779160,4197901050;688164,732904827;3,10973048652433;4,03625863111337
Renaico;9209;Región de La Araucanía;8,27435897435898;54,0552706552707;955334,442450142;455875,727350427;448072,576464490;344549,980911681;456000,312739666;500691,905982906;229067,516239316;464663,990117356;100000,0000000000;441672,791452991;3,11139601139601;3,11139601139601
Renca;13128;Región Metropolitana de Santiago;10,45940183833142;52,3423603079009;1137962,915347186;453850,938639174;519509,619148391;395383,980337415;572788,899620944;653717,394547920;257126,684281901;568873,238717582;500000,0000000000;442395,341223627;3,24380808040522;3,34122362700913
Rengo;6115;Región del Libertador Gral. Bernardo O'Higgins;9,94714081786884;54,5670501301537;1305544,331807876;629439,588378537;566602,028942252;572756,451717189;729143,175645560;843731,044630112;416647,986186915;597880,478087649;100000,0000000000;607597,310227559;2,73293307582501;2,99827861281384
Requínoa;6116;Región del Libertador Gral. Bernardo O'Higgins;9,17677306684777;55,8003298729019;1168483,259629378;476482,570292035;487650,622282198;454804,430387116;521870,186333735;741898,149995149;309070,460463763;506402,065658429;400304,8780487805;476482,570292035;3,03172601144853;3,24138934704570
Retiro;7405;Región del Maule;7,87006512006512;56,0234025234025;715552,330484331;389354,849104599;440575,500085723;412031,904151404;474089,850162869;380903,020350020;264437,272792022;397396,602857913;NA;381308,156796907;2,16900691900692;2,19668294668295
Rinconada;5303;Región de Valparaíso;10,46462007402569;52,8219028957109;1104180,491399956;595419,041585021;702372,274143297;511175,264750708;745319,909810678;661053,468539081;325634,054648379;735211,747986736;230000,0000000000;595419,041585021;2,55170912257784;3,22730241672110
Romeral;7306;Región del Maule;8,88599162542824;53,6147696992767;1307922,072896841;498374,078987438;573249,986398965;478360,389417587;526090,421079829;846144,287019414;333412,877426724;473173,719376392;NA;492945,651503616;3,16273315569090;3,16273315569090
Río Bueno;14204;Región de Los Ríos;9,25487542784367;54,7868343548515;1036609,143675874;509652,837857200;455847,967180962;453812,792565470;482940,165319240;623610,243572395;301964,962827349;509202,919234450;236830,9859154930;507484,128711295;2,62214439226299;2,64928759054366
Río Claro;7108;Región del Maule;8,26580320896965;58,5333462207616;1026714,507055867;417208,098008892;405753,216374271;409893,810168181;433162,301999999;653774,589213222;290574,112120625;439144,091087554;NA;412243,860622463;2,90005799342741;3,07423158708680
Río Hurtado;4305;Región de Coquimbo;7,85659340659341;60,2769230769231;2223672,939010989;1759102,680769231;338809,318377912;1106656,077472528;2220141,571212122;1785145,584615385;915443,821978028;394215,976331361;211264,3678160920;1755558,724725275;2,38021978021978;2,50109890109890
Río Ibáñez;11402;Región de Aysén del Gral. Carlos Ibáñez del Campo;7,89799072642968;57,2782071097373;1081321,937403400;575826,418856260;667963,951935914;561069,514683153;546531,805108799;630818,159969088;391419,979907264;711898,907103825;NA;575826,418856260;2,09273570324575;2,11360123647604
Río Negro;10305;Región de Los Lagos;8,27442616290880;56,8284796143804;1098347,030528218;455681,302872063;481300,444803880;421801,636473187;538847,133051402;666280,468166298;268066,327776661;442402,380952381;NA;452082,186583651;2,84454709781081;2,84454709781081
Río Verde;12103;Región de Magallanes y de la Antártica Chilena;13,76000000000000;52,0333333333333;2177437,273333333;2002525,593333333;1883619,633587787;2021503,513333333;2059991,137404580;1862392,260000000;1913858,926666667;1354947,964285714;NA;2002525,593333333;1,38000000000000;1,38000000000000
Saavedra;9116;Región de La Araucanía;6,62470563048598;60,8204478242501;632669,851711027;249794,681453316;334821,782178218;269264,230249261;197291,249019608;247944,766793409;118682,147021546;370322,580645161;NA;249794,681453316;2,68081960287283;2,68081960287283
Sagrada Familia;7307;Región del Maule;7,74130757800892;58,9142071759259;1057973,661168982;480475,313946759;497328,413284136;428690,482060185;540583,171448090;626607,668547454;281500,958043980;424265,052135890;800000,0000000000;480475,313946759;2,84346064814815;2,84346064814815
Salamanca;4204;Región de Coquimbo;9,45967132602947;56,1985424647295;1097035,682892647;511271,637671681;702376,662001412;443950,896851350;652456,527186769;690993,298701299;289440,612445105;770288,626873004;NA;511271,637671681;2,76856955993647;2,76856955993647
San Antonio;5601;Región de Valparaíso;10,18401503107386;58,7739132919894;1126941,192849590;492082,262010231;464022,876497542;478522,441084850;502430,126802127;576300,473035924;305744,028292985;507772,451524132;100000,0000000000;490689,041210597;2,79900545854648;2,81683861564402
San Bernardo;13401;Región Metropolitana de Santiago;11,44467421207142;50,9871664946934;1443411,586766657;670234,842543116;658128,602577983;527081,189314932;754632,183105841;965680,504901238;385625,869288058;741771,245078936;643823,1850117096;660759,888717939;3,16508512676887;3,32687205188679
San Carlos;16301;Región de Ñuble;9,49122888220319;55,5984019612294;903205,642257230;432131,082625868;527959,625966147;412026,072592727;582779,770661345;488874,478503655;271349,648613065;529700,707760532;NA;415089,840468516;2,57919825668498;2,66631860897989
San Clemente;7109;Región del Maule;8,36345764671871;53,0136923253941;870157,456909447;387238,883039926;464304,435483869;352581,606662064;462474,175940791;502828,439707744;212484,928546771;506214,668615984;NA;387238,883039926;2,72201127603268;2,76826602232194
San Esteban;5304;Región de Valparaíso;9,66934471503892;57,7113984433844;1114547,970499623;471754,611724831;538275,835073068;429431,715792116;608341,888174168;620944,813708260;285906,279061009;628858,836206897;NA;471201,008912880;2,67712779312076;2,76399698719558
San Fabián;16304;Región de Ñuble;7,78779549202859;63,3287520615723;1084245,508521165;467637,018691589;585021,749216300;454560,389774601;716261,440745672;586657,594832325;284127,924134140;714887,387387387;800000,0000000000;461571,116547554;2,61242440901594;2,68664101154480
San Felipe;5701;Región de Valparaíso;11,28161621496715;51,4677245215115;1181459,680647800;570575,323867168;644878,816613172;522639,423425487;679265,728330896;763395,226271880;389929,577654177;648141,241688654;217275,0642673522;556767,694192704;2,79630296090299;2,92599378373957
San Fernando;6301;Región del Libertador Gral. Bernardo O'Higgins;11,04196602430672;53,7673560795679;1242392,639408510;594272,815538137;625722,744035694;541494,316130945;693074,052362249;711028,723389540;378210,340534839;693615,252049007;218836,6013071895;592097,481787643;2,64105519694375;2,65139639046239
San Gregorio;12104;Región de Magallanes y de la Antártica Chilena;8,63711911357341;56,9312977099237;1108214,951653944;617471,185750636;642702,549575071;730420,600508906;654506,107648725;699950,778625954;494524,569974554;548666,666666667;NA;617471,185750636;1,69465648854962;1,69465648854962
San Ignacio;16108;Región de Ñuble;8,19847090029646;57,7718832891247;798312,934935247;316175,990014043;362769,855929073;340206,232485567;345362,999695863;404664,176002497;205375,154938368;407985,192497532;NA;311448,887501950;2,59244811983149;2,64019347792167
San Javier;7406;Región del Maule;9,47055777098762;55,3295319675938;964242,974766500;460772,092987254;500976,953607384;428920,027762010;527262,928315688;593507,238402394;295108,546932251;564263,839959738;NA;447294,550957222;2,61664688580422;2,63109551576449
San Joaquín;13129;Región Metropolitana de Santiago;11,64110705254285;51,8903281761464;1322701,749041770;572560,636404331;569019,137214391;532280,990515625;632527,372784445;862303,983884956;377702,274711132;655697,593239023;84429,8820445609;553008,924320846;2,89746244019808;3,09075902974009
San José de Maipo;13203;Región Metropolitana de Santiago;10,80621908127208;54,5167813509339;1433633,568740346;625810,519028226;497978,935489938;612129,492346580;544193,094887828;763021,007723634;412107,822356410;615530,799475754;NA;625810,519028226;2,69976126948462;2,77390815896644
San Juan de la Costa;10306;Región de Los Lagos;7,80647168637212;58,8864343497200;734935,741132545;294678,097697573;323201,382292381;368863,600186683;249856,927548097;335459,897324207;179705,274424393;469612,524461840;NA;288118,541381456;2,33540759178594;2,33540759178594
San Miguel;13130;Región Metropolitana de Santiago;14,46396815357714;47,3387495125439;2002095,909212457;1124727,281926055;980308,682558226;899378,158140053;1184292,008282430;1519264,765074000;766729,905517084;1070888,013407821;480808,8235294117;1122079,756866168;2,61079645689031;2,82459007260775
San Nicolás;16305;Región de Ñuble;8,99557006295174;56,2372495446266;861840,071721311;346392,363843352;413568,543352601;331590,936247723;430603,213114755;466694,660519126;200592,919398908;513982,978723404;NA;338525,574681239;2,81466302367942;2,85746812386157
San Pablo;10307;Región de Los Lagos;8,42757910985336;58,5602440264362;960880,260803254;463747,582867311;459503,213049927;412593,265632944;452120,378935941;495823,778596848;238715,991611592;507738,001573564;NA;461907,272496187;2,67488561260803;2,68581596339603
San Pedro;13505;Región Metropolitana de Santiago;7,60689655172414;58,9618226600985;1566034,905418719;889823,531034483;1619759,056965600;643538,835960591;1185377,725332259;1031133,906403941;479481,458620703;374516,407599309;NA;873396,731034483;3,03669950738916;3,03669950738916
San Pedro de Atacama;2203;Región de Antofagasta;10,85172413793103;48,4288177339902;1231330,948768473;602369,873891626;612096,187837353;560319,327339901;682856,701307640;841948,731034483;424118,124630543;669584,487534626;600000,0000000000;580690,001724138;2,66403940886700;3,27857142857143
San Pedro de la Paz;8108;Región del Biobío;12,97619861063660;50,4365059946171;1688287,804332687;858527,243040786;911650,183868073;679449,146223485;1005096,986974031;1129183,409892530;519672,272797427;982941,524260804;904792,6267281106;856402,591067362;2,83798535694792;2,85836893715533
San Rafael;7110;Región del Maule;8,35390946502058;57,5335269910433;850726,319051077;399044,630839990;548520,123839011;372209,200435730;577500,431602457;460625,144032922;216750,801500846;425357,417371253;NA;391898,409586057;2,47930283224401;2,81820382473977
San Ramón;13131;Región Metropolitana de Santiago;10,19304886441845;58,0983834816274;1168186,636011682;503558,965564083;555203,447132318;434928,582557903;626147,507495371;720287,238640223;297664,270597029;661705,342687534;NA;500926,258099572;2,88463628336616;3,39333016368947
San Rosendo;8310;Región del Biobío;8,76577748861418;63,1607026675342;824560,604424203;381451,809368900;378569,206842924;403634,735198439;341479,324393357;343847,882238126;207466,703968770;671628,959276018;NA;381451,809368900;2,32465842550423;2,34157449577098
San Vicente;6117;Región del Libertador Gral. Bernardo O'Higgins;9,36292687776507;57,5620619376647;925413,489933887;379053,753541781;606295,215525000;422470,309489487;608905,232335475;497715,975692201;263569,041805437;567580,776169893;600000,0000000000;370686,807078590;2,56807675100661;2,58487846100313
Santa Bárbara;8311;Región del Biobío;8,53282626100881;58,6735388310649;860377,938350681;367393,265412330;446723,458904110;368016,863690953;398326,956321842;458269,911929544;229728,486389116;438699,597932223;NA;367393,265412330;2,93034427542034;2,93034427542034
Santa Cruz;6310;Región del Libertador Gral. Bernardo O'Higgins;9,47009056244042;58,5841384624504;1082597,410112027;471215,711576077;497605,093298906;489626,297966925;508259,557979213;554314,954833738;281146,645723432;571728,910591009;80000,0000000000;471215,711576077;2,49042736055954;2,59652658407919
Santa Juana;8109;Región del Biobío;8,97804265997491;54,9284818067754;985375,925135926;338855,691133417;385007,231404958;347678,696570473;331789,556957329;535778,279381012;200210,714345462;435280,511182109;NA;338855,691133417;3,10727728983689;3,10727728983689
Santa María;5706;Región de Valparaíso;9,52127847430690;56,7988698569663;983250,773794808;471793,120607452;539885,608682980;368781,934310436;509284,336708201;550784,595620696;229823,894402260;586752,859477124;NA;465019,959915239;2,95567720289599;2,95567720289599
Santiago;13101;Región Metropolitana de Santiago;14,53011369797879;42,4875585498344;1515210,984834190;945411,519303262;837957,972314539;833092,957690342;967503,382580330;1237510,400391510;743400,882135738;890370,833751392;318560,9560152641;940214,256979223;2,20495247436691;2,39911972635875
Santo Domingo;5606;Región de Valparaíso;11,26168876482903;56,7329611537567;1739662,886252617;757701,312863457;748133,099824866;683551,794370784;773134,042899896;1034938,728076297;475362,721330541;691267,753813782;300000,0000000000;757701,312863457;2,87927424982554;2,94324261456153
Sierra Gorda;2103;Región de Antofagasta;10,82324840764331;50,4888535031847;1663881,469745223;625461,240445860;641793,611793612;665476,461783440;763923,628571429;1115310,275477707;488521,826433120;649670,658682635;NA;615907,100318471;2,83598726114650;2,99203821656051
Talagante;13601;Región Metropolitana de Santiago;11,18361516485214;53,3383408321868;1444697,649239579;605725,082214703;564760,768568954;547693,418138549;609132,295431061;820914,427657755;370867,249618852;683999,648691375;218210,5263157895;599831,138511880;3,12940170304540;3,25419254080988
Talca;7101;Región del Maule;11,92972912594247;51,9520832636869;1237079,338069290;643010,395758812;702634,869964325;550458,179554040;750668,330003676;806347,079664360;413748,609389459;727620,449326507;638333,3333333334;639339,820379099;2,67782123714327;2,80548033742297
Talcahuano;8110;Región del Biobío;11,40761322086667;56,1832637646591;1264967,862326304;585963,603856092;706447,811300914;502218,041000343;704615,467580809;716499,990549502;350878,367955023;738854,949079864;180000,0000000000;575126,042463996;2,85761009016823;2,90166422724562
Taltal;2104;Región de Antofagasta;10,17398810665644;51,1931709188567;1076693,247458277;516616,786303472;648446,476190475;446848,868405908;660855,456038646;652621,731824285;310149,080759637;849445,255474453;NA;495295,175906388;2,66852100517936;2,66852100517936
Temuco;9101;Región de La Araucanía;12,13313210512685;52,3889606679851;1248778,377121512;607736,772173149;650504,403944302;552749,617552186;703407,197965896;784345,230331795;399550,674840699;709044,559904892;357988,6685552408;597523,039077126;2,69777191825972;2,73383432212700
Teno;7308;Región del Maule;7,57392505892872;57,3473565441651;949528,919809800;463526,211315280;413100,821665561;439000,183188266;375911,344785427;423726,216795616;260881,154335909;410702,541699762;NA;461207,243471954;2,53554158607350;2,53554158607350
Teodoro Schmidt;9117;Región de La Araucanía;7,85741088180113;60,2936933604587;713154,483077492;279509,089883484;409944,203220435;305826,565748104;276964,943827159;323937,245977437;135976,565008323;540466,537342386;NA;270019,814869613;2,91899389680044;2,91899389680044
Tierra Amarilla;3103;Región de Atacama;9,53719723183391;52,4384958572339;1188065,824304228;567326,382409178;590910,490963854;484748,278308902;638748,797769741;772158,919694073;348480,706182283;650752,833645736;184000,0000000000;567326,382409178;3,05693647758657;3,21117484597408
Tiltil;13303;Región Metropolitana de Santiago;9,00910954224550;58,8923935322250;1065950,059439763;514076,624003644;683262,472885038;476290,299931678;581054,612807305;545718,543839672;281847,706558866;753998,024366151;NA;514076,624003644;2,51628330676384;2,58619904349806
Timaukel;12303;Región de Magallanes y de la Antártica Chilena;12,32500000000000;44,2500000000000;1709803,291666667;1093888,425000000;896371,681415929;878524,666666667;1129572,230088496;1498555,533333333;779723,158333333;790471,698113208;NA;1093888,425000000;2,20833333333333;2,34166666666667
Tirúa;8207;Región del Biobío;8,28073770491803;56,9602971311475;822165,187500000;412131,573770492;579663,728484173;355618,801485656;471574,708349365;514745,139344262;226663,380379100;779356,547619048;NA;412131,573770492;2,83811475409836;2,94825819672131
Tocopilla;2301;Región de Antofagasta;10,76276754604281;52,3041098521221;908882,583541387;450060,342999808;537857,282317421;385044,464278855;559934,433554535;527985,999519877;275282,594200117;673084,733643189;NA;385971,404839639;2,71605531015940;2,83320530055694
Toltén;9118;Región de La Araucanía;7,88551604509974;58,7467476149176;836873,095981498;328284,010118531;553725,205387206;345405,602775369;382130,690370371;418814,784619832;194573,940734316;597354,545454545;NA;318701,112171148;2,87453021104365;2,88782885226944
Tomé;8111;Región del Biobío;10,39644336175396;56,7193546838239;1051220,555768954;455344,535986940;455287,258615910;422771,401065924;437003,196026068;546358,739712873;276329,447688095;527824,286796264;207668,7116564417;454555,908244106;2,83065251836558;2,83065251836558
Torres del Paine;12402;Región de Magallanes y de la Antártica Chilena;11,87573099415205;50,2485380116959;1543185,546783626;1093734,888888889;875237,288135593;1208546,557017544;1003121,488304092;1199311,912280702;1004045,973684209;905956,175298805;NA;1093734,888888889;1,54385964912281;1,54385964912281
Tortel;11303;Región de Aysén del Gral. Carlos Ibáñez del Campo;9,84555984555985;48,4749034749035;1481953,027027027;774555,467181467;656445,497630332;752253,563706564;804562,846491228;1161014,810810811;596594,760617760;852042,253521127;NA;767991,760617761;2,20849420849421;2,20849420849421
Traiguén;9210;Región de La Araucanía;9,19817305252474;56,6120000000000;814936,929250000;352506,464125000;489583,292297564;368072,692625000;492703,750000000;421232,637375000;222524,374124998;619797,631862217;NA;340325,208875000;2,41037500000000;2,45400000000000
Treguaco;16207;Región de Ñuble;8,10065756196257;57,8138593829034;887731,202832575;296866,762771877;401070,175438597;348423,744056651;360963,717619603;398477,531613556;197802,707132018;480028,985507246;NA;289319,468892261;2,90996459281740;2,90996459281740
Tucapel;8312;Región del Biobío;9,83152919652386;56,2238146058850;854257,381155664;388654,323677390;523578,342904022;406808,226406464;436649,495461204;462275,303094984;250984,134319254;570049,033474776;NA;388654,323677390;2,34182039945114;2,34182039945114
Valdivia;14101;Región de Los Ríos;12,18292275447283;53,3238345489965;1535560,498074571;779087,861051964;810282,599896384;667527,593787282;896232,776466016;982756,844062882;500801,938159747;866149,786259811;690898,5278654048;772317,372551685;2,71678823298449;2,74895422763859
Vallenar;3301;Región de Atacama;10,35447380621233;54,9785457229861;1092479,567500231;540232,571145151;668405,937872255;502837,487081296;708526,815828762;660629,862415798;354277,450309130;775742,350655658;211633,9869281046;539589,317938544;2,64030635784811;2,83505582725847
Valparaíso;5101;Región de Valparaíso;12,10739031988968;53,7184473384752;1209096,802242171;579547,573953724;598786,671069494;514164,976263329;642932,501060061;726588,226729043;367960,935853640;687003,593076050;165608,9193825043;572319,578412779;2,68780713954567;2,79506047962237
Vichuquén;7309;Región del Maule;8,16382460414129;58,0671462829736;899318,534772182;421974,194844125;373454,882708585;385636,519184652;365562,706766917;437067,427458034;222408,573141487;457987,124463519;50000,0000000000;407630,556954436;2,59712230215827;2,59712230215827
Victoria;9211;Región de La Araucanía;9,52803884711780;56,3809228863425;892126,173737999;347453,590275627;448005,224285715;364486,477856922;523621,772626930;484374,840817591;227963,961056055;533535,878689412;NA;332430,467327346;2,74930318984206;2,86791576339424
Vicuña;4106;Región de Coquimbo;10,87719006891970;54,1283733289048;995535,950925849;466749,614713942;542000,845308533;479921,054637549;571640,795771084;600977,400232500;332038,880677568;617762,937513421;NA;466749,614713942;2,51150045669684;2,51150045669684
Vilcún;9119;Región de La Araucanía;8,95433264887064;54,7082546201232;902690,394414784;382671,774373717;470604,901209335;382289,716057495;451165,553089534;548090,906283368;236553,945133468;548913,688112258;372362,6373626374;380411,866776181;2,62373716632444;2,63039014373717
Villa Alegre;7407;Región del Maule;8,67090961098398;56,3253718535469;911569,384296339;415980,387442792;443457,368161662;422901,597683066;425499,680491554;513845,382151030;272481,950514872;513870,003735525;NA;409859,105978261;2,54176201372998;2,64516590389016
Villa Alemana;5804;Región de Valparaíso;12,44522492281552;55,4442499742613;1483437,501492845;743238,768557603;760095,713032305;561637,775311438;871957,300852776;916464,606589107;406304,381921135;841634,224083152;556153,8461538461;735877,210460208;2,97125501904664;2,98774837846186
Villarrica;9120;Región de La Araucanía;10,92393884721299;51,1907604832978;1171476,416820659;566685,715328121;540795,296574963;499329,639327174;604569,616341509;715852,580289031;344030,557119166;594243,156596794;322222,2222222222;549010,037100213;2,84742951907131;2,84742951907131
Vitacura;13132;Región Metropolitana de Santiago;17,07414123892875;57,1340902520434;5288942,867723199;2969466,083707850;2690201,092111200;2340703,496780467;3034289,412753320;3535172,812531210;1938017,066493250;2989593,370039000;2386666,6666666665;2954015,937895871;2,51086756550763;2,57286656679545
Viña del Mar;5109;Región de Valparaíso;12,58998602562959;54,4367180210560;1539480,690073689;763739,335743096;816811,774634192;651244,053147018;892497,360752282;969970,415456275;502059,946037539;884915,731705066;476403,6027263876;746573,619522015;2,70070456165098;2,79539059457950
Yerbas Buenas;7408;Región del Maule;8,19067673540517;54,6728144060412;825713,910978798;387332,143915190;420509,290138163;336385,772436828;469361,585536725;507377,537322103;212433,505082778;423597,289448209;NA;387332,143915190;2,84272436828347;2,97313389485913
Yumbel;8313;Región del Biobío;9,75687226809131;54,1499757163672;755293,653812530;426329,718504128;483545,678844680;415638,673239437;442478,881918819;382405,200000000;255786,814084511;458411,274823831;NA;400959,363088878;2,15541525012142;2,22321515298689
Yungay;16109;Región de Ñuble;9,51633551140152;57,1574834437086;873814,171390728;413671,858807947;479035,633484163;389191,238675497;487507,186871226;453914,814039735;242083,261456954;533591,994382022;NA;407642,653112583;2,48225165562914;2,51417218543046
Zapallar;5405;Región de Valparaíso;10,61813490600811;55,4235680408610;1479962,053265232;602783,822692448;603227,676381909;552094,379788398;620610,863482875;925205,236045239;369002,995622036;606862,097440132;100000,0000000000;576646,253921926;3,00000000000000;3,09595038307187
Ñiquén;16303;Región de Ñuble;7,61017330632456;61,7974341661040;770877,485032636;321426,556380824;402192,353643966;335611,193787981;381166,138557096;352379,678145397;172361,883412110;420524,225575854;NA;319637,224848076;2,59599369795183;2,75669592617601
Ñuñoa;13120;Región Metropolitana de Santiago;16,24984003676901;49,2332998403101;3155932,957421994;1852792,340399763;1721863,890577286;1525402,266188793;1979600,527906980;2375813,359401073;1316930,139028982;1883188,833106576;780247,8568766307;1841906,986166185;2,33854269463334;2,42689250533795
